{
    "eval_loss": 0.6401263475418091,
    "eval_accuracy": 0.75,
    "eval_f1": 0.782608695652174,
    "eval_precision": 0.6428571428571429,
    "eval_recall": 1.0,
    "eval_runtime": 0.0682,
    "eval_samples_per_second": 293.439,
    "eval_steps_per_second": 73.36,
    "epoch": 25.0
}