{
    "eval_loss": 0.6135942339897156,
    "eval_accuracy": 0.7702702702702703,
    "eval_f1": 0.7901234567901234,
    "eval_precision": 0.6666666666666666,
    "eval_recall": 0.9696969696969697,
    "eval_runtime": 0.4913,
    "eval_samples_per_second": 150.622,
    "eval_steps_per_second": 38.673,
    "epoch": 13.0
}