{
    "eval_loss": 0.578395426273346,
    "eval_accuracy": 0.7837837837837838,
    "eval_f1": 0.8,
    "eval_precision": 0.6808510638297872,
    "eval_recall": 0.9696969696969697,
    "eval_runtime": 0.2477,
    "eval_samples_per_second": 298.707,
    "eval_steps_per_second": 76.695,
    "epoch": 21.0
}