{
    "eval_loss": 0.32732632756233215,
    "eval_accuracy": 0.9459459459459459,
    "eval_f1": 0.9375,
    "eval_precision": 0.967741935483871,
    "eval_recall": 0.9090909090909091,
    "eval_runtime": 14.1824,
    "eval_samples_per_second": 5.218,
    "eval_steps_per_second": 1.34,
    "epoch": 14.0
}