{
    "eval_loss": 0.606189489364624,
    "eval_accuracy": 0.9444444444444444,
    "eval_f1": 0.9565217391304348,
    "eval_precision": 1.0,
    "eval_recall": 0.9166666666666666,
    "eval_runtime": 0.1223,
    "eval_samples_per_second": 147.132,
    "eval_steps_per_second": 40.87,
    "epoch": 23.0
}