{
    "eval_loss": 0.6753798127174377,
    "eval_accuracy": 0.6956521739130435,
    "eval_f1": 0.7741935483870968,
    "eval_precision": 0.631578947368421,
    "eval_recall": 1.0,
    "eval_runtime": 0.1558,
    "eval_samples_per_second": 147.617,
    "eval_steps_per_second": 38.509,
    "epoch": 13.0
}