{
    "eval_loss": 0.5952034592628479,
    "eval_accuracy": 0.9130434782608695,
    "eval_f1": 0.9230769230769231,
    "eval_precision": 0.8571428571428571,
    "eval_recall": 1.0,
    "eval_runtime": 4.3428,
    "eval_samples_per_second": 5.296,
    "eval_steps_per_second": 1.382,
    "epoch": 12.0
}