{
    "eval_loss": 0.6762105822563171,
    "eval_accuracy": 0.8571428571428571,
    "eval_f1": 0.8571428571428571,
    "eval_precision": 0.9230769230769231,
    "eval_recall": 0.8,
    "eval_runtime": 0.0936,
    "eval_samples_per_second": 299.187,
    "eval_steps_per_second": 74.797,
    "epoch": 12.0
}