{
    "eval_loss": 0.2640845775604248,
    "eval_accuracy": 0.9642857142857143,
    "eval_f1": 0.967741935483871,
    "eval_precision": 0.9375,
    "eval_recall": 1.0,
    "eval_runtime": 5.3337,
    "eval_samples_per_second": 5.25,
    "eval_steps_per_second": 1.312,
    "epoch": 26.0
}