{
    "eval_loss": 0.6415740847587585,
    "eval_accuracy": 0.7857142857142857,
    "eval_f1": 0.8235294117647058,
    "eval_precision": 0.7368421052631579,
    "eval_recall": 0.9333333333333333,
    "eval_runtime": 0.1863,
    "eval_samples_per_second": 150.292,
    "eval_steps_per_second": 37.573,
    "epoch": 16.0
}