{
    "eval_loss": 0.6865926384925842,
    "eval_accuracy": 0.6666666666666666,
    "eval_f1": 0.75,
    "eval_precision": 0.6,
    "eval_recall": 1.0,
    "eval_runtime": 2.259,
    "eval_samples_per_second": 5.312,
    "eval_steps_per_second": 1.328,
    "epoch": 12.0
}