{
    "eval_loss": 0.6666644215583801,
    "eval_accuracy": 0.75,
    "eval_f1": 0.8,
    "eval_precision": 0.6666666666666666,
    "eval_recall": 1.0,
    "eval_runtime": 0.6218,
    "eval_samples_per_second": 19.298,
    "eval_steps_per_second": 4.825,
    "epoch": 15.0
}