{
    "eval_loss": 0.6938462257385254,
    "eval_accuracy": 0.5833333333333334,
    "eval_f1": 0.7058823529411765,
    "eval_precision": 0.5454545454545454,
    "eval_recall": 1.0,
    "eval_runtime": 0.0418,
    "eval_samples_per_second": 286.846,
    "eval_steps_per_second": 71.711,
    "epoch": 14.0
}