{
    "eval_loss": 0.5112453699111938,
    "eval_accuracy": 0.8181818181818182,
    "eval_f1": 0.8461538461538461,
    "eval_precision": 0.7857142857142857,
    "eval_recall": 0.9166666666666666,
    "eval_runtime": 4.1926,
    "eval_samples_per_second": 5.247,
    "eval_steps_per_second": 1.431,
    "epoch": 22.0
}